
INSERT INTO AUT_GROUP (CD_GROUP,NM_GROUP,DT_CREATE,DT_STATUS,ST_STATUS,CD_USER_LAST_UPDATE) VALUES (1,'admin',sysdate,sysdate,'A','1');
INSERT INTO AUT_GROUP (CD_GROUP,NM_GROUP,DT_CREATE,DT_STATUS,ST_STATUS,CD_USER_LAST_UPDATE) VALUES (2,'everyone',sysdate,sysdate,'A','1');

INSERT INTO AUT_PERM (CD_PERM,NM_PERM,TX_DESC) VALUES (1,'request.create',null);
INSERT INTO AUT_PERM (CD_PERM,NM_PERM,TX_DESC) VALUES (2,'request.group.view',null);
INSERT INTO AUT_PERM (CD_PERM,NM_PERM,TX_DESC) VALUES (3,'iq.search',null);
INSERT INTO AUT_PERM (CD_PERM,NM_PERM,TX_DESC) VALUES (5,'group.view',null);
INSERT INTO AUT_PERM (CD_PERM,NM_PERM,TX_DESC) VALUES (6,'group.create',null);
INSERT INTO AUT_PERM (CD_PERM,NM_PERM,TX_DESC) VALUES (4,'user.update.all',null);

INSERT INTO AUT_USER (CD_USER,TX_PASSWORD,NM_USER,DT_CREATE,DT_LAST_ACCESS,QT_LOGINS,DT_STATUS,ST_STATUS,CD_USER_LAST_UPDATE) VALUES 
            ('1','4233DFFD57472EE531C3C2A8FC964691','Auster Administrator',sysdate,sysdate,0,sysdate,'A','1');

INSERT INTO AUT_GROUP_PERM_ASGM (CD_GROUP,CD_PERM,DT_ASGM,DT_EXPR,CD_USER_LAST_UPDATE) VALUES (1,1,sysdate,null,'1');
INSERT INTO AUT_GROUP_PERM_ASGM (CD_GROUP,CD_PERM,DT_ASGM,DT_EXPR,CD_USER_LAST_UPDATE) VALUES (1,2,sysdate,null,'1');                
INSERT INTO AUT_GROUP_PERM_ASGM (CD_GROUP,CD_PERM,DT_ASGM,DT_EXPR,CD_USER_LAST_UPDATE) VALUES (1,3,sysdate,null,'1');
INSERT INTO AUT_GROUP_PERM_ASGM (CD_GROUP,CD_PERM,DT_ASGM,DT_EXPR,CD_USER_LAST_UPDATE) VALUES (1,4,sysdate,null,'1');
INSERT INTO AUT_GROUP_PERM_ASGM (CD_GROUP,CD_PERM,DT_ASGM,DT_EXPR,CD_USER_LAST_UPDATE) VALUES (1,5,sysdate,null,'1');
INSERT INTO AUT_GROUP_PERM_ASGM (CD_GROUP,CD_PERM,DT_ASGM,DT_EXPR,CD_USER_LAST_UPDATE) VALUES (1,6,sysdate,null,'1');
INSERT INTO AUT_GROUP_PERM_ASGM (CD_GROUP,CD_PERM,DT_ASGM,DT_EXPR,CD_USER_LAST_UPDATE) VALUES (2,4,sysdate,null,'1');
                                                                                                                   
INSERT INTO AUT_USER_GROUP_ASGM (CD_USER,CD_GROUP,DT_ASGM,DT_EXPR,CD_USER_LAST_UPDATE) VALUES ('1',1,sysdate,null,'admin');
                                                                                                                   
INSERT INTO WEB_USER (USER_ID,SECURITY_ID,USER_EMAIL,USER_NAME,LOGIN_TRIES) VALUES (USER_SEQUENCE.NEXTVAL,'1','admin@auster.com.br','Auster Administrator',0);
                                                                                                                   
  

INSERT INTO BCK_PARM_CYCLE_DATES VALUES (1,'BC01','15/AGO/06','14/SET/06','14/SET/06','14/SET/06','4/OUT/06');
INSERT INTO BCK_PARM_CYCLE_DATES VALUES (2,'BC01','15/SET/06','14/OUT/06','14/OUT/06','14/OUT/06','4/NOV/06');
INSERT INTO BCK_PARM_CYCLE_DATES VALUES (3,'BC01','15/OUT/06','14/NOV/06','14/NOV/06','14/NOV/06','4/DEZ/06');
INSERT INTO BCK_PARM_CYCLE_DATES VALUES (4,'BC01','15/NOV/06','14/DEZ/06','14/DEZ/06','14/DEZ/06','4/JAN/07');
INSERT INTO BCK_PARM_CYCLE_DATES VALUES (5,'BC01','15/DEZ/06','14/JAN/07','14/JAN/07','14/JAN/07','4/FEV/07');
INSERT INTO BCK_PARM_CYCLE_DATES VALUES (6,'BC01','15/JAN/07','14/FEV/07','14/FEV/07','14/FEV/07','4/MAR/07');
INSERT INTO BCK_PARM_CYCLE_DATES VALUES (7,'BC01','15/FEV/07','14/MAR/07','14/MAR/07','14/MAR/07','4/ABR/07');
INSERT INTO BCK_PARM_CYCLE_DATES VALUES (8,'BC01','15/MAR/07','14/ABR/07','14/ABR/07','14/ABR/07','4/MAI/07');
INSERT INTO BCK_PARM_CYCLE_DATES VALUES (9,'BC01','15/ABR/07','14/MAI/07','14/MAI/07','14/MAI/07','4/JUN/07');
INSERT INTO BCK_PARM_CYCLE_DATES VALUES (10,'BC01','15/MAI/07','14/JUN/07','14/JUN/07','14/JUN/07','4/JUL/07');
INSERT INTO BCK_PARM_CYCLE_DATES VALUES (11,'BC01','15/JUN/07','14/JUL/07','14/JUL/07','14/JUL/07','4/AGO/07');
INSERT INTO BCK_PARM_CYCLE_DATES VALUES (12,'BC01','15/JUL/07','14/AGO/07','14/AGO/07','14/AGO/07','4/SET/07');
INSERT INTO BCK_PARM_CYCLE_DATES VALUES (13,'BC01','15/AGO/07','14/SET/07','14/SET/07','14/SET/07','4/OUT/07');
INSERT INTO BCK_PARM_CYCLE_DATES VALUES (14,'BC01','15/SET/07','14/OUT/07','14/OUT/07','14/OUT/07','4/NOV/07');
INSERT INTO BCK_PARM_CYCLE_DATES VALUES (15,'BC01','15/OUT/07','14/NOV/07','14/NOV/07','14/NOV/07','4/DEZ/07');
INSERT INTO BCK_PARM_CYCLE_DATES VALUES (16,'BC01','15/NOV/07','14/DEZ/07','14/DEZ/07','14/DEZ/07','4/JAN/08');
INSERT INTO BCK_PARM_CYCLE_DATES VALUES (17,'BC01','15/DEZ/07','14/JAN/08','14/JAN/08','14/JAN/08','4/FEV/08');
INSERT INTO BCK_PARM_CYCLE_DATES VALUES (18,'BC01','15/AGO/06','14/SET/06','14/SET/06','14/SET/06','7/OUT/06');
INSERT INTO BCK_PARM_CYCLE_DATES VALUES (19,'BC01','15/SET/06','14/OUT/06','14/OUT/06','14/OUT/06','7/NOV/06');
INSERT INTO BCK_PARM_CYCLE_DATES VALUES (20,'BC01','15/OUT/06','14/NOV/06','14/NOV/06','14/NOV/06','7/DEZ/06');
INSERT INTO BCK_PARM_CYCLE_DATES VALUES (21,'BC01','15/NOV/06','14/DEZ/06','14/DEZ/06','14/DEZ/06','7/JAN/07');
INSERT INTO BCK_PARM_CYCLE_DATES VALUES (22,'BC01','15/DEZ/06','14/JAN/07','14/JAN/07','14/JAN/07','7/FEV/07');
INSERT INTO BCK_PARM_CYCLE_DATES VALUES (23,'BC01','15/JAN/07','14/FEV/07','14/FEV/07','14/FEV/07','7/MAR/07');
INSERT INTO BCK_PARM_CYCLE_DATES VALUES (24,'BC01','15/FEV/07','14/MAR/07','14/MAR/07','14/MAR/07','7/ABR/07');
INSERT INTO BCK_PARM_CYCLE_DATES VALUES (25,'BC01','15/MAR/07','14/ABR/07','14/ABR/07','14/ABR/07','7/MAI/07');
INSERT INTO BCK_PARM_CYCLE_DATES VALUES (26,'BC01','15/ABR/07','14/MAI/07','14/MAI/07','14/MAI/07','7/JUN/07');
INSERT INTO BCK_PARM_CYCLE_DATES VALUES (27,'BC01','15/MAI/07','14/JUN/07','14/JUN/07','14/JUN/07','7/JUL/07');
INSERT INTO BCK_PARM_CYCLE_DATES VALUES (28,'BC01','15/JUN/07','14/JUL/07','14/JUL/07','14/JUL/07','7/AGO/07');
INSERT INTO BCK_PARM_CYCLE_DATES VALUES (29,'BC01','15/JUL/07','14/AGO/07','14/AGO/07','14/AGO/07','7/SET/07');
INSERT INTO BCK_PARM_CYCLE_DATES VALUES (30,'BC01','15/AGO/07','14/SET/07','14/SET/07','14/SET/07','7/OUT/07');
INSERT INTO BCK_PARM_CYCLE_DATES VALUES (31,'BC01','15/SET/07','14/OUT/07','14/OUT/07','14/OUT/07','7/NOV/07');
INSERT INTO BCK_PARM_CYCLE_DATES VALUES (32,'BC01','15/OUT/07','14/NOV/07','14/NOV/07','14/NOV/07','7/DEZ/07');
INSERT INTO BCK_PARM_CYCLE_DATES VALUES (33,'BC01','15/NOV/07','14/DEZ/07','14/DEZ/07','14/DEZ/07','7/JAN/08');
INSERT INTO BCK_PARM_CYCLE_DATES VALUES (34,'BC01','15/DEZ/07','14/JAN/08','14/JAN/08','14/JAN/08','7/FEV/08');
INSERT INTO BCK_PARM_CYCLE_DATES VALUES (35,'BC11','15/AGO/06','14/SET/06','14/SET/06','14/SET/06','4/OUT/06');
INSERT INTO BCK_PARM_CYCLE_DATES VALUES (36,'BC11','15/SET/06','14/OUT/06','14/OUT/06','14/OUT/06','4/NOV/06');
INSERT INTO BCK_PARM_CYCLE_DATES VALUES (37,'BC11','15/OUT/06','14/NOV/06','14/NOV/06','14/NOV/06','4/DEZ/06');
INSERT INTO BCK_PARM_CYCLE_DATES VALUES (38,'BC11','15/NOV/06','14/DEZ/06','14/DEZ/06','14/DEZ/06','4/JAN/07');
INSERT INTO BCK_PARM_CYCLE_DATES VALUES (39,'BC11','15/DEZ/06','14/JAN/07','14/JAN/07','14/JAN/07','4/FEV/07');
INSERT INTO BCK_PARM_CYCLE_DATES VALUES (40,'BC11','15/JAN/07','14/FEV/07','14/FEV/07','14/FEV/07','4/MAR/07');
INSERT INTO BCK_PARM_CYCLE_DATES VALUES (41,'BC11','15/FEV/07','14/MAR/07','14/MAR/07','14/MAR/07','4/ABR/07');
INSERT INTO BCK_PARM_CYCLE_DATES VALUES (42,'BC11','15/MAR/07','14/ABR/07','14/ABR/07','14/ABR/07','4/MAI/07');
INSERT INTO BCK_PARM_CYCLE_DATES VALUES (43,'BC11','15/ABR/07','14/MAI/07','14/MAI/07','14/MAI/07','4/JUN/07');
INSERT INTO BCK_PARM_CYCLE_DATES VALUES (44,'BC11','15/MAI/07','14/JUN/07','14/JUN/07','14/JUN/07','4/JUL/07');
INSERT INTO BCK_PARM_CYCLE_DATES VALUES (45,'BC11','15/JUN/07','14/JUL/07','14/JUL/07','14/JUL/07','4/AGO/07');
INSERT INTO BCK_PARM_CYCLE_DATES VALUES (46,'BC11','15/JUL/07','14/AGO/07','14/AGO/07','14/AGO/07','4/SET/07');
INSERT INTO BCK_PARM_CYCLE_DATES VALUES (47,'BC11','15/AGO/07','14/SET/07','14/SET/07','14/SET/07','4/OUT/07');
INSERT INTO BCK_PARM_CYCLE_DATES VALUES (48,'BC11','15/SET/07','14/OUT/07','14/OUT/07','14/OUT/07','4/NOV/07');
INSERT INTO BCK_PARM_CYCLE_DATES VALUES (49,'BC11','15/OUT/07','14/NOV/07','14/NOV/07','14/NOV/07','4/DEZ/07');
INSERT INTO BCK_PARM_CYCLE_DATES VALUES (50,'BC11','15/NOV/07','14/DEZ/07','14/DEZ/07','14/DEZ/07','4/JAN/08');
INSERT INTO BCK_PARM_CYCLE_DATES VALUES (51,'BC11','15/DEZ/07','14/JAN/08','14/JAN/08','14/JAN/08','4/FEV/08');
INSERT INTO BCK_PARM_CYCLE_DATES VALUES (52,'BC11','15/AGO/06','14/SET/06','14/SET/06','14/SET/06','7/OUT/06');
INSERT INTO BCK_PARM_CYCLE_DATES VALUES (53,'BC11','15/SET/06','14/OUT/06','14/OUT/06','14/OUT/06','7/NOV/06');
INSERT INTO BCK_PARM_CYCLE_DATES VALUES (54,'BC11','15/OUT/06','14/NOV/06','14/NOV/06','14/NOV/06','7/DEZ/06');
INSERT INTO BCK_PARM_CYCLE_DATES VALUES (55,'BC11','15/NOV/06','14/DEZ/06','14/DEZ/06','14/DEZ/06','7/JAN/07');
INSERT INTO BCK_PARM_CYCLE_DATES VALUES (56,'BC11','15/DEZ/06','14/JAN/07','14/JAN/07','14/JAN/07','7/FEV/07');
INSERT INTO BCK_PARM_CYCLE_DATES VALUES (57,'BC11','15/JAN/07','14/FEV/07','14/FEV/07','14/FEV/07','7/MAR/07');
INSERT INTO BCK_PARM_CYCLE_DATES VALUES (58,'BC11','15/FEV/07','14/MAR/07','14/MAR/07','14/MAR/07','7/ABR/07');
INSERT INTO BCK_PARM_CYCLE_DATES VALUES (59,'BC11','15/MAR/07','14/ABR/07','14/ABR/07','14/ABR/07','7/MAI/07');
INSERT INTO BCK_PARM_CYCLE_DATES VALUES (60,'BC11','15/ABR/07','14/MAI/07','14/MAI/07','14/MAI/07','7/JUN/07');
INSERT INTO BCK_PARM_CYCLE_DATES VALUES (61,'BC11','15/MAI/07','14/JUN/07','14/JUN/07','14/JUN/07','7/JUL/07');
INSERT INTO BCK_PARM_CYCLE_DATES VALUES (62,'BC11','15/JUN/07','14/JUL/07','14/JUL/07','14/JUL/07','7/AGO/07');
INSERT INTO BCK_PARM_CYCLE_DATES VALUES (63,'BC11','15/JUL/07','14/AGO/07','14/AGO/07','14/AGO/07','7/SET/07');
INSERT INTO BCK_PARM_CYCLE_DATES VALUES (64,'BC11','15/AGO/07','14/SET/07','14/SET/07','14/SET/07','7/OUT/07');
INSERT INTO BCK_PARM_CYCLE_DATES VALUES (65,'BC11','15/SET/07','14/OUT/07','14/OUT/07','14/OUT/07','7/NOV/07');
INSERT INTO BCK_PARM_CYCLE_DATES VALUES (66,'BC11','15/OUT/07','14/NOV/07','14/NOV/07','14/NOV/07','7/DEZ/07');
INSERT INTO BCK_PARM_CYCLE_DATES VALUES (67,'BC11','15/NOV/07','14/DEZ/07','14/DEZ/07','14/DEZ/07','7/JAN/08');
INSERT INTO BCK_PARM_CYCLE_DATES VALUES (68,'BC11','15/DEZ/07','14/JAN/08','14/JAN/08','14/JAN/08','7/FEV/08');
INSERT INTO BCK_PARM_CYCLE_DATES VALUES (69,'BC02','20/AGO/06','19/SET/06','19/SET/06','19/SET/06','08/OUT/06');
INSERT INTO BCK_PARM_CYCLE_DATES VALUES (70,'BC02','20/SET/06','19/OUT/06','19/OUT/06','19/OUT/06','08/NOV/06');
INSERT INTO BCK_PARM_CYCLE_DATES VALUES (71,'BC02','20/OUT/06','19/NOV/06','19/NOV/06','19/NOV/06','08/DEZ/06');
INSERT INTO BCK_PARM_CYCLE_DATES VALUES (72,'BC02','20/NOV/06','19/DEZ/06','19/DEZ/06','19/DEZ/06','08/JAN/07');
INSERT INTO BCK_PARM_CYCLE_DATES VALUES (73,'BC02','20/DEZ/06','19/JAN/07','19/JAN/07','19/JAN/07','08/FEV/07');
INSERT INTO BCK_PARM_CYCLE_DATES VALUES (74,'BC02','20/JAN/07','19/FEV/07','19/FEV/07','19/FEV/07','08/MAR/07');
INSERT INTO BCK_PARM_CYCLE_DATES VALUES (75,'BC02','20/FEV/07','19/MAR/07','19/MAR/07','19/MAR/07','08/ABR/07');
INSERT INTO BCK_PARM_CYCLE_DATES VALUES (76,'BC02','20/MAR/07','19/ABR/07','19/ABR/07','19/ABR/07','08/MAI/07');
INSERT INTO BCK_PARM_CYCLE_DATES VALUES (77,'BC02','20/ABR/07','19/MAI/07','19/MAI/07','19/MAI/07','08/JUN/07');
INSERT INTO BCK_PARM_CYCLE_DATES VALUES (78,'BC02','20/MAI/07','19/JUN/07','19/JUN/07','19/JUN/07','08/JUL/07');
INSERT INTO BCK_PARM_CYCLE_DATES VALUES (79,'BC02','20/JUN/07','19/JUL/07','19/JUL/07','19/JUL/07','08/AGO/07');
INSERT INTO BCK_PARM_CYCLE_DATES VALUES (80,'BC02','20/JUL/07','19/AGO/07','19/AGO/07','19/AGO/07','08/SET/07');
INSERT INTO BCK_PARM_CYCLE_DATES VALUES (81,'BC02','20/AGO/07','19/SET/07','19/SET/07','19/SET/07','08/OUT/07');
INSERT INTO BCK_PARM_CYCLE_DATES VALUES (82,'BC02','20/SET/07','19/OUT/07','19/OUT/07','19/OUT/07','08/NOV/07');
INSERT INTO BCK_PARM_CYCLE_DATES VALUES (83,'BC02','20/OUT/07','19/NOV/07','19/NOV/07','19/NOV/07','08/DEZ/07');
INSERT INTO BCK_PARM_CYCLE_DATES VALUES (84,'BC02','20/NOV/07','19/DEZ/07','19/DEZ/07','19/DEZ/07','08/JAN/08');
INSERT INTO BCK_PARM_CYCLE_DATES VALUES (85,'BC02','20/DEZ/07','19/JAN/08','19/JAN/08','19/JAN/08','08/FEV/08');
INSERT INTO BCK_PARM_CYCLE_DATES VALUES (86,'BC02','20/AGO/06','19/SET/06','19/SET/06','19/SET/06','10/OUT/06');
INSERT INTO BCK_PARM_CYCLE_DATES VALUES (87,'BC02','20/SET/06','19/OUT/06','19/OUT/06','19/OUT/06','10/NOV/06');
INSERT INTO BCK_PARM_CYCLE_DATES VALUES (88,'BC02','20/OUT/06','19/NOV/06','19/NOV/06','19/NOV/06','10/DEZ/06');
INSERT INTO BCK_PARM_CYCLE_DATES VALUES (89,'BC02','20/NOV/06','19/DEZ/06','19/DEZ/06','19/DEZ/06','10/JAN/07');
INSERT INTO BCK_PARM_CYCLE_DATES VALUES (90,'BC02','20/DEZ/06','19/JAN/07','19/JAN/07','19/JAN/07','10/FEV/07');
INSERT INTO BCK_PARM_CYCLE_DATES VALUES (91,'BC02','20/JAN/07','19/FEV/07','19/FEV/07','19/FEV/07','10/MAR/07');
INSERT INTO BCK_PARM_CYCLE_DATES VALUES (92,'BC02','20/FEV/07','19/MAR/07','19/MAR/07','19/MAR/07','10/ABR/07');
INSERT INTO BCK_PARM_CYCLE_DATES VALUES (93,'BC02','20/MAR/07','19/ABR/07','19/ABR/07','19/ABR/07','10/MAI/07');
INSERT INTO BCK_PARM_CYCLE_DATES VALUES (94,'BC02','20/ABR/07','19/MAI/07','19/MAI/07','19/MAI/07','10/JUN/07');
INSERT INTO BCK_PARM_CYCLE_DATES VALUES (95,'BC02','20/MAI/07','19/JUN/07','19/JUN/07','19/JUN/07','10/JUL/07');
INSERT INTO BCK_PARM_CYCLE_DATES VALUES (96,'BC02','20/JUN/07','19/JUL/07','19/JUL/07','19/JUL/07','10/AGO/07');
INSERT INTO BCK_PARM_CYCLE_DATES VALUES (97,'BC02','20/JUL/07','19/AGO/07','19/AGO/07','19/AGO/07','10/SET/07');
INSERT INTO BCK_PARM_CYCLE_DATES VALUES (98,'BC02','20/AGO/07','19/SET/07','19/SET/07','19/SET/07','10/OUT/07');
INSERT INTO BCK_PARM_CYCLE_DATES VALUES (99,'BC02','20/SET/07','19/OUT/07','19/OUT/07','19/OUT/07','10/NOV/07');
INSERT INTO BCK_PARM_CYCLE_DATES VALUES (100,'BC02','20/OUT/07','19/NOV/07','19/NOV/07','19/NOV/07','10/DEZ/07');
INSERT INTO BCK_PARM_CYCLE_DATES VALUES (101,'BC02','20/NOV/07','19/DEZ/07','19/DEZ/07','19/DEZ/07','10/JAN/08');
INSERT INTO BCK_PARM_CYCLE_DATES VALUES (102,'BC02','20/DEZ/07','19/JAN/08','19/JAN/08','19/JAN/08','10/FEV/08');
INSERT INTO BCK_PARM_CYCLE_DATES VALUES (103,'BC12','20/AGO/06','19/SET/06','19/SET/06','19/SET/06','08/OUT/06');
INSERT INTO BCK_PARM_CYCLE_DATES VALUES (104,'BC12','20/SET/06','19/OUT/06','19/OUT/06','19/OUT/06','08/NOV/06');
INSERT INTO BCK_PARM_CYCLE_DATES VALUES (105,'BC12','20/OUT/06','19/NOV/06','19/NOV/06','19/NOV/06','08/DEZ/06');
INSERT INTO BCK_PARM_CYCLE_DATES VALUES (106,'BC12','20/NOV/06','19/DEZ/06','19/DEZ/06','19/DEZ/06','08/JAN/07');
INSERT INTO BCK_PARM_CYCLE_DATES VALUES (107,'BC12','20/DEZ/06','19/JAN/07','19/JAN/07','19/JAN/07','08/FEV/07');
INSERT INTO BCK_PARM_CYCLE_DATES VALUES (108,'BC12','20/JAN/07','19/FEV/07','19/FEV/07','19/FEV/07','08/MAR/07');
INSERT INTO BCK_PARM_CYCLE_DATES VALUES (109,'BC12','20/FEV/07','19/MAR/07','19/MAR/07','19/MAR/07','08/ABR/07');
INSERT INTO BCK_PARM_CYCLE_DATES VALUES (110,'BC12','20/MAR/07','19/ABR/07','19/ABR/07','19/ABR/07','08/MAI/07');
INSERT INTO BCK_PARM_CYCLE_DATES VALUES (111,'BC12','20/ABR/07','19/MAI/07','19/MAI/07','19/MAI/07','08/JUN/07');
INSERT INTO BCK_PARM_CYCLE_DATES VALUES (112,'BC12','20/MAI/07','19/JUN/07','19/JUN/07','19/JUN/07','08/JUL/07');
INSERT INTO BCK_PARM_CYCLE_DATES VALUES (113,'BC12','20/JUN/07','19/JUL/07','19/JUL/07','19/JUL/07','08/AGO/07');
INSERT INTO BCK_PARM_CYCLE_DATES VALUES (114,'BC12','20/JUL/07','19/AGO/07','19/AGO/07','19/AGO/07','08/SET/07');
INSERT INTO BCK_PARM_CYCLE_DATES VALUES (115,'BC12','20/AGO/07','19/SET/07','19/SET/07','19/SET/07','08/OUT/07');
INSERT INTO BCK_PARM_CYCLE_DATES VALUES (116,'BC12','20/SET/07','19/OUT/07','19/OUT/07','19/OUT/07','08/NOV/07');
INSERT INTO BCK_PARM_CYCLE_DATES VALUES (117,'BC12','20/OUT/07','19/NOV/07','19/NOV/07','19/NOV/07','08/DEZ/07');
INSERT INTO BCK_PARM_CYCLE_DATES VALUES (118,'BC12','20/NOV/07','19/DEZ/07','19/DEZ/07','19/DEZ/07','08/JAN/08');
INSERT INTO BCK_PARM_CYCLE_DATES VALUES (119,'BC12','20/DEZ/07','19/JAN/08','19/JAN/08','19/JAN/08','08/FEV/08');
INSERT INTO BCK_PARM_CYCLE_DATES VALUES (120,'BC12','20/AGO/06','19/SET/06','19/SET/06','19/SET/06','10/OUT/06');
INSERT INTO BCK_PARM_CYCLE_DATES VALUES (121,'BC12','20/SET/06','19/OUT/06','19/OUT/06','19/OUT/06','10/NOV/06');
INSERT INTO BCK_PARM_CYCLE_DATES VALUES (122,'BC12','20/OUT/06','19/NOV/06','19/NOV/06','19/NOV/06','10/DEZ/06');
INSERT INTO BCK_PARM_CYCLE_DATES VALUES (123,'BC12','20/NOV/06','19/DEZ/06','19/DEZ/06','19/DEZ/06','10/JAN/07');
INSERT INTO BCK_PARM_CYCLE_DATES VALUES (124,'BC12','20/DEZ/06','19/JAN/07','19/JAN/07','19/JAN/07','10/FEV/07');
INSERT INTO BCK_PARM_CYCLE_DATES VALUES (125,'BC12','20/JAN/07','19/FEV/07','19/FEV/07','19/FEV/07','10/MAR/07');
INSERT INTO BCK_PARM_CYCLE_DATES VALUES (126,'BC12','20/FEV/07','19/MAR/07','19/MAR/07','19/MAR/07','10/ABR/07');
INSERT INTO BCK_PARM_CYCLE_DATES VALUES (127,'BC12','20/MAR/07','19/ABR/07','19/ABR/07','19/ABR/07','10/MAI/07');
INSERT INTO BCK_PARM_CYCLE_DATES VALUES (128,'BC12','20/ABR/07','19/MAI/07','19/MAI/07','19/MAI/07','10/JUN/07');
INSERT INTO BCK_PARM_CYCLE_DATES VALUES (129,'BC12','20/MAI/07','19/JUN/07','19/JUN/07','19/JUN/07','10/JUL/07');
INSERT INTO BCK_PARM_CYCLE_DATES VALUES (130,'BC12','20/JUN/07','19/JUL/07','19/JUL/07','19/JUL/07','10/AGO/07');
INSERT INTO BCK_PARM_CYCLE_DATES VALUES (131,'BC12','20/JUL/07','19/AGO/07','19/AGO/07','19/AGO/07','10/SET/07');
INSERT INTO BCK_PARM_CYCLE_DATES VALUES (132,'BC12','20/AGO/07','19/SET/07','19/SET/07','19/SET/07','10/OUT/07');
INSERT INTO BCK_PARM_CYCLE_DATES VALUES (133,'BC12','20/SET/07','19/OUT/07','19/OUT/07','19/OUT/07','10/NOV/07');
INSERT INTO BCK_PARM_CYCLE_DATES VALUES (134,'BC12','20/OUT/07','19/NOV/07','19/NOV/07','19/NOV/07','10/DEZ/07');
INSERT INTO BCK_PARM_CYCLE_DATES VALUES (135,'BC12','20/NOV/07','19/DEZ/07','19/DEZ/07','19/DEZ/07','10/JAN/08');
INSERT INTO BCK_PARM_CYCLE_DATES VALUES (136,'BC12','20/DEZ/07','19/JAN/08','19/JAN/08','19/JAN/08','10/FEV/08');
INSERT INTO BCK_PARM_CYCLE_DATES VALUES (137,'BC04','26/AGO/06','25/SET/06','01/SET/06','01/SET/06','13/OUT/06');
INSERT INTO BCK_PARM_CYCLE_DATES VALUES (138,'BC04','26/SET/06','25/OUT/06','01/OUT/06','01/OUT/06','13/NOV/06');
INSERT INTO BCK_PARM_CYCLE_DATES VALUES (139,'BC04','26/OUT/06','25/NOV/06','01/NOV/06','01/NOV/06','13/DEZ/06');
INSERT INTO BCK_PARM_CYCLE_DATES VALUES (140,'BC04','26/NOV/06','25/DEZ/06','01/DEZ/06','01/DEZ/06','13/JAN/07');
INSERT INTO BCK_PARM_CYCLE_DATES VALUES (141,'BC04','26/DEZ/06','25/JAN/07','01/JAN/07','01/JAN/07','13/FEV/07');
INSERT INTO BCK_PARM_CYCLE_DATES VALUES (142,'BC04','26/JAN/07','25/FEV/07','01/FEV/07','01/FEV/07','13/MAR/07');
INSERT INTO BCK_PARM_CYCLE_DATES VALUES (143,'BC04','26/FEV/07','25/MAR/07','01/MAR/07','01/MAR/07','13/ABR/07');
INSERT INTO BCK_PARM_CYCLE_DATES VALUES (144,'BC04','26/MAR/07','25/ABR/07','01/ABR/07','01/ABR/07','13/MAI/07');
INSERT INTO BCK_PARM_CYCLE_DATES VALUES (145,'BC04','26/ABR/07','25/MAI/07','01/MAI/07','01/MAI/07','13/JUN/07');
INSERT INTO BCK_PARM_CYCLE_DATES VALUES (146,'BC04','26/MAI/07','25/JUN/07','01/JUN/07','01/JUN/07','13/JUL/07');
INSERT INTO BCK_PARM_CYCLE_DATES VALUES (147,'BC04','26/JUN/07','25/JUL/07','01/JUL/07','01/JUL/07','13/AGO/07');
INSERT INTO BCK_PARM_CYCLE_DATES VALUES (148,'BC04','26/JUL/07','25/AGO/07','01/AGO/07','01/AGO/07','13/SET/07');
INSERT INTO BCK_PARM_CYCLE_DATES VALUES (149,'BC04','26/AGO/07','25/SET/07','01/SET/07','01/SET/07','13/OUT/07');
INSERT INTO BCK_PARM_CYCLE_DATES VALUES (150,'BC04','26/SET/07','25/OUT/07','01/OUT/07','01/OUT/07','13/NOV/07');
INSERT INTO BCK_PARM_CYCLE_DATES VALUES (151,'BC04','26/OUT/07','25/NOV/07','01/NOV/07','01/NOV/07','13/DEZ/07');
INSERT INTO BCK_PARM_CYCLE_DATES VALUES (152,'BC04','26/NOV/07','25/DEZ/07','01/DEZ/07','01/DEZ/07','13/JAN/08');
INSERT INTO BCK_PARM_CYCLE_DATES VALUES (153,'BC04','26/DEZ/07','25/JAN/08','01/JAN/08','01/JAN/08','13/FEV/08');
INSERT INTO BCK_PARM_CYCLE_DATES VALUES (154,'BC04','26/AGO/06','25/SET/06','01/SET/06','01/SET/06','15/OUT/06');
INSERT INTO BCK_PARM_CYCLE_DATES VALUES (155,'BC04','26/SET/06','25/OUT/06','01/OUT/06','01/OUT/06','15/NOV/06');
INSERT INTO BCK_PARM_CYCLE_DATES VALUES (156,'BC04','26/OUT/06','25/NOV/06','01/NOV/06','01/NOV/06','15/DEZ/06');
INSERT INTO BCK_PARM_CYCLE_DATES VALUES (157,'BC04','26/NOV/06','25/DEZ/06','01/DEZ/06','01/DEZ/06','15/JAN/07');
INSERT INTO BCK_PARM_CYCLE_DATES VALUES (158,'BC04','26/DEZ/06','25/JAN/07','01/JAN/07','01/JAN/07','15/FEV/07');
INSERT INTO BCK_PARM_CYCLE_DATES VALUES (159,'BC04','26/JAN/07','25/FEV/07','01/FEV/07','01/FEV/07','15/MAR/07');
INSERT INTO BCK_PARM_CYCLE_DATES VALUES (160,'BC04','26/FEV/07','25/MAR/07','01/MAR/07','01/MAR/07','15/ABR/07');
INSERT INTO BCK_PARM_CYCLE_DATES VALUES (161,'BC04','26/MAR/07','25/ABR/07','01/ABR/07','01/ABR/07','15/MAI/07');
INSERT INTO BCK_PARM_CYCLE_DATES VALUES (162,'BC04','26/ABR/07','25/MAI/07','01/MAI/07','01/MAI/07','15/JUN/07');
INSERT INTO BCK_PARM_CYCLE_DATES VALUES (163,'BC04','26/MAI/07','25/JUN/07','01/JUN/07','01/JUN/07','15/JUL/07');
INSERT INTO BCK_PARM_CYCLE_DATES VALUES (164,'BC04','26/JUN/07','25/JUL/07','01/JUL/07','01/JUL/07','15/AGO/07');
INSERT INTO BCK_PARM_CYCLE_DATES VALUES (165,'BC04','26/JUL/07','25/AGO/07','01/AGO/07','01/AGO/07','15/SET/07');
INSERT INTO BCK_PARM_CYCLE_DATES VALUES (166,'BC04','26/AGO/07','25/SET/07','01/SET/07','01/SET/07','15/OUT/07');
INSERT INTO BCK_PARM_CYCLE_DATES VALUES (167,'BC04','26/SET/07','25/OUT/07','01/OUT/07','01/OUT/07','15/NOV/07');
INSERT INTO BCK_PARM_CYCLE_DATES VALUES (168,'BC04','26/OUT/07','25/NOV/07','01/NOV/07','01/NOV/07','15/DEZ/07');
INSERT INTO BCK_PARM_CYCLE_DATES VALUES (169,'BC04','26/NOV/07','25/DEZ/07','01/DEZ/07','01/DEZ/07','15/JAN/08');
INSERT INTO BCK_PARM_CYCLE_DATES VALUES (170,'BC04','26/DEZ/07','25/JAN/08','01/JAN/08','01/JAN/08','15/FEV/08');
INSERT INTO BCK_PARM_CYCLE_DATES VALUES (171,'BC14','26/AGO/06','25/SET/06','01/SET/06','01/SET/06','13/OUT/06');
INSERT INTO BCK_PARM_CYCLE_DATES VALUES (172,'BC14','26/SET/06','25/OUT/06','01/OUT/06','01/OUT/06','13/NOV/06');
INSERT INTO BCK_PARM_CYCLE_DATES VALUES (173,'BC14','26/OUT/06','25/NOV/06','01/NOV/06','01/NOV/06','13/DEZ/06');
INSERT INTO BCK_PARM_CYCLE_DATES VALUES (174,'BC14','26/NOV/06','25/DEZ/06','01/DEZ/06','01/DEZ/06','13/JAN/07');
INSERT INTO BCK_PARM_CYCLE_DATES VALUES (175,'BC14','26/DEZ/06','25/JAN/07','01/JAN/07','01/JAN/07','13/FEV/07');
INSERT INTO BCK_PARM_CYCLE_DATES VALUES (176,'BC14','26/JAN/07','25/FEV/07','01/FEV/07','01/FEV/07','13/MAR/07');
INSERT INTO BCK_PARM_CYCLE_DATES VALUES (177,'BC14','26/FEV/07','25/MAR/07','01/MAR/07','01/MAR/07','13/ABR/07');
INSERT INTO BCK_PARM_CYCLE_DATES VALUES (178,'BC14','26/MAR/07','25/ABR/07','01/ABR/07','01/ABR/07','13/MAI/07');
INSERT INTO BCK_PARM_CYCLE_DATES VALUES (179,'BC14','26/ABR/07','25/MAI/07','01/MAI/07','01/MAI/07','13/JUN/07');
INSERT INTO BCK_PARM_CYCLE_DATES VALUES (180,'BC14','26/MAI/07','25/JUN/07','01/JUN/07','01/JUN/07','13/JUL/07');
INSERT INTO BCK_PARM_CYCLE_DATES VALUES (181,'BC14','26/JUN/07','25/JUL/07','01/JUL/07','01/JUL/07','13/AGO/07');
INSERT INTO BCK_PARM_CYCLE_DATES VALUES (182,'BC14','26/JUL/07','25/AGO/07','01/AGO/07','01/AGO/07','13/SET/07');
INSERT INTO BCK_PARM_CYCLE_DATES VALUES (183,'BC14','26/AGO/07','25/SET/07','01/SET/07','01/SET/07','13/OUT/07');
INSERT INTO BCK_PARM_CYCLE_DATES VALUES (184,'BC14','26/SET/07','25/OUT/07','01/OUT/07','01/OUT/07','13/NOV/07');
INSERT INTO BCK_PARM_CYCLE_DATES VALUES (185,'BC14','26/OUT/07','25/NOV/07','01/NOV/07','01/NOV/07','13/DEZ/07');
INSERT INTO BCK_PARM_CYCLE_DATES VALUES (186,'BC14','26/NOV/07','25/DEZ/07','01/DEZ/07','01/DEZ/07','13/JAN/08');
INSERT INTO BCK_PARM_CYCLE_DATES VALUES (187,'BC14','26/DEZ/07','25/JAN/08','01/JAN/08','01/JAN/08','13/FEV/08');
INSERT INTO BCK_PARM_CYCLE_DATES VALUES (188,'BC14','26/AGO/06','25/SET/06','01/SET/06','01/SET/06','15/OUT/06');
INSERT INTO BCK_PARM_CYCLE_DATES VALUES (189,'BC14','26/SET/06','25/OUT/06','01/OUT/06','01/OUT/06','15/NOV/06');
INSERT INTO BCK_PARM_CYCLE_DATES VALUES (190,'BC14','26/OUT/06','25/NOV/06','01/NOV/06','01/NOV/06','15/DEZ/06');
INSERT INTO BCK_PARM_CYCLE_DATES VALUES (191,'BC14','26/NOV/06','25/DEZ/06','01/DEZ/06','01/DEZ/06','15/JAN/07');
INSERT INTO BCK_PARM_CYCLE_DATES VALUES (192,'BC14','26/DEZ/06','25/JAN/07','01/JAN/07','01/JAN/07','15/FEV/07');
INSERT INTO BCK_PARM_CYCLE_DATES VALUES (193,'BC14','26/JAN/07','25/FEV/07','01/FEV/07','01/FEV/07','15/MAR/07');
INSERT INTO BCK_PARM_CYCLE_DATES VALUES (194,'BC14','26/FEV/07','25/MAR/07','01/MAR/07','01/MAR/07','15/ABR/07');
INSERT INTO BCK_PARM_CYCLE_DATES VALUES (195,'BC14','26/MAR/07','25/ABR/07','01/ABR/07','01/ABR/07','15/MAI/07');
INSERT INTO BCK_PARM_CYCLE_DATES VALUES (196,'BC14','26/ABR/07','25/MAI/07','01/MAI/07','01/MAI/07','15/JUN/07');
INSERT INTO BCK_PARM_CYCLE_DATES VALUES (197,'BC14','26/MAI/07','25/JUN/07','01/JUN/07','01/JUN/07','15/JUL/07');
INSERT INTO BCK_PARM_CYCLE_DATES VALUES (198,'BC14','26/JUN/07','25/JUL/07','01/JUL/07','01/JUL/07','15/AGO/07');
INSERT INTO BCK_PARM_CYCLE_DATES VALUES (199,'BC14','26/JUL/07','25/AGO/07','01/AGO/07','01/AGO/07','15/SET/07');
INSERT INTO BCK_PARM_CYCLE_DATES VALUES (200,'BC14','26/AGO/07','25/SET/07','01/SET/07','01/SET/07','15/OUT/07');
INSERT INTO BCK_PARM_CYCLE_DATES VALUES (201,'BC14','26/SET/07','25/OUT/07','01/OUT/07','01/OUT/07','15/NOV/07');
INSERT INTO BCK_PARM_CYCLE_DATES VALUES (202,'BC14','26/OUT/07','25/NOV/07','01/NOV/07','01/NOV/07','15/DEZ/07');
INSERT INTO BCK_PARM_CYCLE_DATES VALUES (203,'BC14','26/NOV/07','25/DEZ/07','01/DEZ/07','01/DEZ/07','15/JAN/08');
INSERT INTO BCK_PARM_CYCLE_DATES VALUES (204,'BC14','26/DEZ/07','25/JAN/08','01/JAN/08','01/JAN/08','15/FEV/08');
INSERT INTO BCK_PARM_CYCLE_DATES VALUES (205,'BC05','03/AGO/06','02/SET/06','02/SET/06','02/SET/06','20/OUT/06');
INSERT INTO BCK_PARM_CYCLE_DATES VALUES (206,'BC05','03/SET/06','02/OUT/06','02/OUT/06','02/OUT/06','20/NOV/06');
INSERT INTO BCK_PARM_CYCLE_DATES VALUES (207,'BC05','03/OUT/06','02/NOV/06','02/NOV/06','02/NOV/06','20/DEZ/06');
INSERT INTO BCK_PARM_CYCLE_DATES VALUES (208,'BC05','03/NOV/06','02/DEZ/06','02/DEZ/06','02/DEZ/06','20/JAN/07');
INSERT INTO BCK_PARM_CYCLE_DATES VALUES (209,'BC05','03/DEZ/06','02/JAN/07','02/JAN/07','02/JAN/07','20/FEV/07');
INSERT INTO BCK_PARM_CYCLE_DATES VALUES (210,'BC05','03/JAN/07','02/FEV/07','02/FEV/07','02/FEV/07','20/MAR/07');
INSERT INTO BCK_PARM_CYCLE_DATES VALUES (211,'BC05','03/FEV/07','02/MAR/07','02/MAR/07','02/MAR/07','20/ABR/07');
INSERT INTO BCK_PARM_CYCLE_DATES VALUES (212,'BC05','03/MAR/07','02/ABR/07','02/ABR/07','02/ABR/07','20/MAI/07');
INSERT INTO BCK_PARM_CYCLE_DATES VALUES (213,'BC05','03/ABR/07','02/MAI/07','02/MAI/07','02/MAI/07','20/JUN/07');
INSERT INTO BCK_PARM_CYCLE_DATES VALUES (214,'BC05','03/MAI/07','02/JUN/07','02/JUN/07','02/JUN/07','20/JUL/07');
INSERT INTO BCK_PARM_CYCLE_DATES VALUES (215,'BC05','03/JUN/07','02/JUL/07','02/JUL/07','02/JUL/07','20/AGO/07');
INSERT INTO BCK_PARM_CYCLE_DATES VALUES (216,'BC05','03/JUL/07','02/AGO/07','02/AGO/07','02/AGO/07','20/SET/07');
INSERT INTO BCK_PARM_CYCLE_DATES VALUES (217,'BC05','03/AGO/07','02/SET/07','02/SET/07','02/SET/07','20/OUT/07');
INSERT INTO BCK_PARM_CYCLE_DATES VALUES (218,'BC05','03/SET/07','02/OUT/07','02/OUT/07','02/OUT/07','20/NOV/07');
INSERT INTO BCK_PARM_CYCLE_DATES VALUES (219,'BC05','03/OUT/07','02/NOV/07','02/NOV/07','02/NOV/07','20/DEZ/07');
INSERT INTO BCK_PARM_CYCLE_DATES VALUES (220,'BC05','03/NOV/07','02/DEZ/07','02/DEZ/07','02/DEZ/07','20/JAN/08');
INSERT INTO BCK_PARM_CYCLE_DATES VALUES (221,'BC05','03/DEZ/07','02/JAN/08','02/JAN/08','02/JAN/08','20/FEV/08');
INSERT INTO BCK_PARM_CYCLE_DATES VALUES (222,'BC05','03/AGO/06','02/SET/06','02/SET/06','02/SET/06','30/OUT/06');
INSERT INTO BCK_PARM_CYCLE_DATES VALUES (223,'BC05','03/SET/06','02/OUT/06','02/OUT/06','02/OUT/06','30/NOV/06');
INSERT INTO BCK_PARM_CYCLE_DATES VALUES (224,'BC05','03/OUT/06','02/NOV/06','02/NOV/06','02/NOV/06','30/DEZ/06');
INSERT INTO BCK_PARM_CYCLE_DATES VALUES (225,'BC05','03/NOV/06','02/DEZ/06','02/DEZ/06','02/DEZ/06','30/JAN/07');
INSERT INTO BCK_PARM_CYCLE_DATES VALUES (226,'BC05','03/DEZ/06','02/JAN/07','02/JAN/07','02/JAN/07','30/FEV/07');
INSERT INTO BCK_PARM_CYCLE_DATES VALUES (227,'BC05','03/JAN/07','02/FEV/07','02/FEV/07','02/FEV/07','30/MAR/07');
INSERT INTO BCK_PARM_CYCLE_DATES VALUES (228,'BC05','03/FEV/07','02/MAR/07','02/MAR/07','02/MAR/07','30/ABR/07');
INSERT INTO BCK_PARM_CYCLE_DATES VALUES (229,'BC05','03/MAR/07','02/ABR/07','02/ABR/07','02/ABR/07','30/MAI/07');
INSERT INTO BCK_PARM_CYCLE_DATES VALUES (230,'BC05','03/ABR/07','02/MAI/07','02/MAI/07','02/MAI/07','30/JUN/07');
INSERT INTO BCK_PARM_CYCLE_DATES VALUES (231,'BC05','03/MAI/07','02/JUN/07','02/JUN/07','02/JUN/07','30/JUL/07');
INSERT INTO BCK_PARM_CYCLE_DATES VALUES (232,'BC05','03/JUN/07','02/JUL/07','02/JUL/07','02/JUL/07','30/AGO/07');
INSERT INTO BCK_PARM_CYCLE_DATES VALUES (233,'BC05','03/JUL/07','02/AGO/07','02/AGO/07','02/AGO/07','30/SET/07');
INSERT INTO BCK_PARM_CYCLE_DATES VALUES (234,'BC05','03/AGO/07','02/SET/07','02/SET/07','02/SET/07','30/OUT/07');
INSERT INTO BCK_PARM_CYCLE_DATES VALUES (235,'BC05','03/SET/07','02/OUT/07','02/OUT/07','02/OUT/07','30/NOV/07');
INSERT INTO BCK_PARM_CYCLE_DATES VALUES (236,'BC05','03/OUT/07','02/NOV/07','02/NOV/07','02/NOV/07','30/DEZ/07');
INSERT INTO BCK_PARM_CYCLE_DATES VALUES (237,'BC05','03/NOV/07','02/DEZ/07','02/DEZ/07','02/DEZ/07','30/JAN/08');
INSERT INTO BCK_PARM_CYCLE_DATES VALUES (238,'BC05','03/DEZ/07','02/JAN/08','02/JAN/08','02/JAN/08','30/FEV/08');
INSERT INTO BCK_PARM_CYCLE_DATES VALUES (239,'BC15','03/AGO/06','02/SET/06','02/SET/06','02/SET/06','20/OUT/06');
INSERT INTO BCK_PARM_CYCLE_DATES VALUES (240,'BC15','03/SET/06','02/OUT/06','02/OUT/06','02/OUT/06','20/NOV/06');
INSERT INTO BCK_PARM_CYCLE_DATES VALUES (241,'BC15','03/OUT/06','02/NOV/06','02/NOV/06','02/NOV/06','20/DEZ/06');
INSERT INTO BCK_PARM_CYCLE_DATES VALUES (242,'BC15','03/NOV/06','02/DEZ/06','02/DEZ/06','02/DEZ/06','20/JAN/07');
INSERT INTO BCK_PARM_CYCLE_DATES VALUES (243,'BC15','03/DEZ/06','02/JAN/07','02/JAN/07','02/JAN/07','20/FEV/07');
INSERT INTO BCK_PARM_CYCLE_DATES VALUES (244,'BC15','03/JAN/07','02/FEV/07','02/FEV/07','02/FEV/07','20/MAR/07');
INSERT INTO BCK_PARM_CYCLE_DATES VALUES (245,'BC15','03/FEV/07','02/MAR/07','02/MAR/07','02/MAR/07','20/ABR/07');
INSERT INTO BCK_PARM_CYCLE_DATES VALUES (246,'BC15','03/MAR/07','02/ABR/07','02/ABR/07','02/ABR/07','20/MAI/07');
INSERT INTO BCK_PARM_CYCLE_DATES VALUES (247,'BC15','03/ABR/07','02/MAI/07','02/MAI/07','02/MAI/07','20/JUN/07');
INSERT INTO BCK_PARM_CYCLE_DATES VALUES (248,'BC15','03/MAI/07','02/JUN/07','02/JUN/07','02/JUN/07','20/JUL/07');
INSERT INTO BCK_PARM_CYCLE_DATES VALUES (249,'BC15','03/JUN/07','02/JUL/07','02/JUL/07','02/JUL/07','20/AGO/07');
INSERT INTO BCK_PARM_CYCLE_DATES VALUES (250,'BC15','03/JUL/07','02/AGO/07','02/AGO/07','02/AGO/07','20/SET/07');
INSERT INTO BCK_PARM_CYCLE_DATES VALUES (251,'BC15','03/AGO/07','02/SET/07','02/SET/07','02/SET/07','20/OUT/07');
INSERT INTO BCK_PARM_CYCLE_DATES VALUES (252,'BC15','03/SET/07','02/OUT/07','02/OUT/07','02/OUT/07','20/NOV/07');
INSERT INTO BCK_PARM_CYCLE_DATES VALUES (253,'BC15','03/OUT/07','02/NOV/07','02/NOV/07','02/NOV/07','20/DEZ/07');
INSERT INTO BCK_PARM_CYCLE_DATES VALUES (254,'BC15','03/NOV/07','02/DEZ/07','02/DEZ/07','02/DEZ/07','20/JAN/08');
INSERT INTO BCK_PARM_CYCLE_DATES VALUES (255,'BC15','03/DEZ/07','02/JAN/08','02/JAN/08','02/JAN/08','20/FEV/08');
INSERT INTO BCK_PARM_CYCLE_DATES VALUES (256,'BC15','03/AGO/06','02/SET/06','02/SET/06','02/SET/06','30/OUT/06');
INSERT INTO BCK_PARM_CYCLE_DATES VALUES (257,'BC15','03/SET/06','02/OUT/06','02/OUT/06','02/OUT/06','30/NOV/06');
INSERT INTO BCK_PARM_CYCLE_DATES VALUES (258,'BC15','03/OUT/06','02/NOV/06','02/NOV/06','02/NOV/06','30/DEZ/06');
INSERT INTO BCK_PARM_CYCLE_DATES VALUES (259,'BC15','03/NOV/06','02/DEZ/06','02/DEZ/06','02/DEZ/06','30/JAN/07');
INSERT INTO BCK_PARM_CYCLE_DATES VALUES (260,'BC15','03/DEZ/06','02/JAN/07','02/JAN/07','02/JAN/07','30/FEV/07');
INSERT INTO BCK_PARM_CYCLE_DATES VALUES (261,'BC15','03/JAN/07','02/FEV/07','02/FEV/07','02/FEV/07','30/MAR/07');
INSERT INTO BCK_PARM_CYCLE_DATES VALUES (262,'BC15','03/FEV/07','02/MAR/07','02/MAR/07','02/MAR/07','30/ABR/07');
INSERT INTO BCK_PARM_CYCLE_DATES VALUES (263,'BC15','03/MAR/07','02/ABR/07','02/ABR/07','02/ABR/07','30/MAI/07');
INSERT INTO BCK_PARM_CYCLE_DATES VALUES (264,'BC15','03/ABR/07','02/MAI/07','02/MAI/07','02/MAI/07','30/JUN/07');
INSERT INTO BCK_PARM_CYCLE_DATES VALUES (265,'BC15','03/MAI/07','02/JUN/07','02/JUN/07','02/JUN/07','30/JUL/07');
INSERT INTO BCK_PARM_CYCLE_DATES VALUES (266,'BC15','03/JUN/07','02/JUL/07','02/JUL/07','02/JUL/07','30/AGO/07');
INSERT INTO BCK_PARM_CYCLE_DATES VALUES (267,'BC15','03/JUL/07','02/AGO/07','02/AGO/07','02/AGO/07','30/SET/07');
INSERT INTO BCK_PARM_CYCLE_DATES VALUES (268,'BC15','03/AGO/07','02/SET/07','02/SET/07','02/SET/07','30/OUT/07');
INSERT INTO BCK_PARM_CYCLE_DATES VALUES (269,'BC15','03/SET/07','02/OUT/07','02/OUT/07','02/OUT/07','30/NOV/07');
INSERT INTO BCK_PARM_CYCLE_DATES VALUES (270,'BC15','03/OUT/07','02/NOV/07','02/NOV/07','02/NOV/07','30/DEZ/07');
INSERT INTO BCK_PARM_CYCLE_DATES VALUES (271,'BC15','03/NOV/07','02/DEZ/07','02/DEZ/07','02/DEZ/07','30/JAN/08');
INSERT INTO BCK_PARM_CYCLE_DATES VALUES (272,'BC15','03/DEZ/07','02/JAN/08','02/JAN/08','02/JAN/08','30/FEV/08');
INSERT INTO BCK_PARM_CYCLE_DATES VALUES (273,'BC06','08/AGO/06','07/SET/06','07/SET/06','07/SET/06','25/OUT/06');
INSERT INTO BCK_PARM_CYCLE_DATES VALUES (274,'BC06','08/SET/06','07/OUT/06','07/OUT/06','07/OUT/06','25/NOV/06');
INSERT INTO BCK_PARM_CYCLE_DATES VALUES (275,'BC06','08/OUT/06','07/NOV/06','07/NOV/06','07/NOV/06','25/DEZ/06');
INSERT INTO BCK_PARM_CYCLE_DATES VALUES (276,'BC06','08/NOV/06','07/DEZ/06','07/DEZ/06','07/DEZ/06','25/JAN/07');
INSERT INTO BCK_PARM_CYCLE_DATES VALUES (277,'BC06','08/DEZ/06','07/JAN/07','07/JAN/07','07/JAN/07','25/FEV/07');
INSERT INTO BCK_PARM_CYCLE_DATES VALUES (278,'BC06','08/JAN/07','07/FEV/07','07/FEV/07','07/FEV/07','25/MAR/07');
INSERT INTO BCK_PARM_CYCLE_DATES VALUES (279,'BC06','08/FEV/07','07/MAR/07','07/MAR/07','07/MAR/07','25/ABR/07');
INSERT INTO BCK_PARM_CYCLE_DATES VALUES (280,'BC06','08/MAR/07','07/ABR/07','07/ABR/07','07/ABR/07','25/MAI/07');
INSERT INTO BCK_PARM_CYCLE_DATES VALUES (281,'BC06','08/ABR/07','07/MAI/07','07/MAI/07','07/MAI/07','25/JUN/07');
INSERT INTO BCK_PARM_CYCLE_DATES VALUES (282,'BC06','08/MAI/07','07/JUN/07','07/JUN/07','07/JUN/07','25/JUL/07');
INSERT INTO BCK_PARM_CYCLE_DATES VALUES (283,'BC06','08/JUN/07','07/JUL/07','07/JUL/07','07/JUL/07','25/AGO/07');
INSERT INTO BCK_PARM_CYCLE_DATES VALUES (284,'BC06','08/JUL/07','07/AGO/07','07/AGO/07','07/AGO/07','25/SET/07');
INSERT INTO BCK_PARM_CYCLE_DATES VALUES (285,'BC06','08/AGO/07','07/SET/07','07/SET/07','07/SET/07','25/OUT/07');
INSERT INTO BCK_PARM_CYCLE_DATES VALUES (286,'BC06','08/SET/07','07/OUT/07','07/OUT/07','07/OUT/07','25/NOV/07');
INSERT INTO BCK_PARM_CYCLE_DATES VALUES (287,'BC06','08/OUT/07','07/NOV/07','07/NOV/07','07/NOV/07','25/DEZ/07');
INSERT INTO BCK_PARM_CYCLE_DATES VALUES (288,'BC06','08/NOV/07','07/DEZ/07','07/DEZ/07','07/DEZ/07','25/JAN/08');
INSERT INTO BCK_PARM_CYCLE_DATES VALUES (289,'BC06','08/DEZ/07','07/JAN/08','07/JAN/08','07/JAN/08','25/FEV/08');
INSERT INTO BCK_PARM_CYCLE_DATES VALUES (290,'BC16','08/AGO/06','07/SET/06','07/SET/06','07/SET/06','25/OUT/06');
INSERT INTO BCK_PARM_CYCLE_DATES VALUES (291,'BC16','08/SET/06','07/OUT/06','07/OUT/06','07/OUT/06','25/NOV/06');
INSERT INTO BCK_PARM_CYCLE_DATES VALUES (292,'BC16','08/OUT/06','07/NOV/06','07/NOV/06','07/NOV/06','25/DEZ/06');
INSERT INTO BCK_PARM_CYCLE_DATES VALUES (293,'BC16','08/NOV/06','07/DEZ/06','07/DEZ/06','07/DEZ/06','25/JAN/07');
INSERT INTO BCK_PARM_CYCLE_DATES VALUES (294,'BC16','08/DEZ/06','07/JAN/07','07/JAN/07','07/JAN/07','25/FEV/07');
INSERT INTO BCK_PARM_CYCLE_DATES VALUES (295,'BC16','08/JAN/07','07/FEV/07','07/FEV/07','07/FEV/07','25/MAR/07');
INSERT INTO BCK_PARM_CYCLE_DATES VALUES (296,'BC16','08/FEV/07','07/MAR/07','07/MAR/07','07/MAR/07','25/ABR/07');
INSERT INTO BCK_PARM_CYCLE_DATES VALUES (297,'BC16','08/MAR/07','07/ABR/07','07/ABR/07','07/ABR/07','25/MAI/07');
INSERT INTO BCK_PARM_CYCLE_DATES VALUES (298,'BC16','08/ABR/07','07/MAI/07','07/MAI/07','07/MAI/07','25/JUN/07');
INSERT INTO BCK_PARM_CYCLE_DATES VALUES (299,'BC16','08/MAI/07','07/JUN/07','07/JUN/07','07/JUN/07','25/JUL/07');
INSERT INTO BCK_PARM_CYCLE_DATES VALUES (300,'BC16','08/JUN/07','07/JUL/07','07/JUL/07','07/JUL/07','25/AGO/07');
INSERT INTO BCK_PARM_CYCLE_DATES VALUES (301,'BC16','08/JUL/07','07/AGO/07','07/AGO/07','07/AGO/07','25/SET/07');
INSERT INTO BCK_PARM_CYCLE_DATES VALUES (302,'BC16','08/AGO/07','07/SET/07','07/SET/07','07/SET/07','25/OUT/07');
INSERT INTO BCK_PARM_CYCLE_DATES VALUES (303,'BC16','08/SET/07','07/OUT/07','07/OUT/07','07/OUT/07','25/NOV/07');
INSERT INTO BCK_PARM_CYCLE_DATES VALUES (304,'BC16','08/OUT/07','07/NOV/07','07/NOV/07','07/NOV/07','25/DEZ/07');
INSERT INTO BCK_PARM_CYCLE_DATES VALUES (305,'BC16','08/NOV/07','07/DEZ/07','07/DEZ/07','07/DEZ/07','25/JAN/08');
INSERT INTO BCK_PARM_CYCLE_DATES VALUES (306,'BC16','08/DEZ/07','07/JAN/08','07/JAN/08','07/JAN/08','25/FEV/08');
                                                                                                                 
--INSERT INTO BCK_RULE_THRESHOLD_USAGE VALUES ('H', '?'  , 'TS11' , 'V', 0.01 , 900);
--INSERT INTO BCK_RULE_THRESHOLD_USAGE VALUES ('H', 'AC' , 'TS11' , 'V', 0.02 , 900);
--INSERT INTO BCK_RULE_THRESHOLD_USAGE VALUES ('H', '?'  , 'TS22' , 'V', 0.03 , 900);
--INSERT INTO BCK_RULE_THRESHOLD_USAGE VALUES ('H', 'AC' , 'TS22' , 'V', 0.04 , 900);
--INSERT INTO BCK_RULE_THRESHOLD_USAGE VALUES ('H', '?'  , 'BSG1' , 'V', 0.05 , 900);
--INSERT INTO BCK_RULE_THRESHOLD_USAGE VALUES ('V', '?'  , 'TS11' , 'V', 0.06 , 900);
--INSERT INTO BCK_RULE_THRESHOLD_USAGE VALUES ('V', '?'  , 'TS22' , 'V', 0.07 , 900);
--INSERT INTO BCK_RULE_THRESHOLD_USAGE VALUES ('V', 'AC'  , 'TS11' , 'V', 0.08 , 900);
--INSERT INTO BCK_RULE_THRESHOLD_USAGE VALUES ('V', 'AC'  , 'TS22' , 'V', 0.09 , 900);
--INSERT INTO BCK_RULE_THRESHOLD_USAGE VALUES ('V', 'DSL'  , 'DSL' , 'V', 0.10 , 900);
--INSERT INTO BCK_RULE_THRESHOLD_USAGE VALUES ('V', '?'  , 'DSL' , 'V', 0.11 , 900);
--INSERT INTO BCK_RULE_THRESHOLD_USAGE VALUES ('V', 'AD'  , '?' , 'V', 0.12 , 900);
--INSERT INTO BCK_RULE_THRESHOLD_USAGE VALUES ('V', 'AD'  , 'TSFE' , 'V', 0.13 , 900);
--INSERT INTO BCK_RULE_THRESHOLD_USAGE VALUES ('?', '?'  , '?' , 'V', 0.14 , 100);
--INSERT INTO BCK_RULE_THRESHOLD_USAGE VALUES ('?', '?'  , '?' , 'D', 0.15 , 120);


INSERT INTO BCK_RULE_TYPE VALUES ( 1, 'Validação de Dados', 'Regras que identificação dados incorretos na fatura.', null, null, null );
INSERT INTO BCK_RULE_TYPE VALUES ( 2, 'Verificação de Limites', 'Regras que buscam situações fora do normal.', null, null, null );
INSERT INTO BCK_RULE_TYPE VALUES ( 3, 'Validação de Formatos', 'Regras que garantem que os dados estão no formato esperado.', null, null, null );

INSERT INTO BCK_RULE VALUES ( 31, 'R01-1', 'Tarifação de Chamada Incorreta', null, 1, null,null,null);
INSERT INTO BCK_RULE VALUES (  1, 'R01-4',  'Uso com Valor Negativo', 							null, 1, null, null, null );
INSERT INTO BCK_RULE VALUES (  2, 'R01-5',  'Limites para Eventos de Uso', 					null, 2, null, null, null );
INSERT INTO BCK_RULE VALUES (  3, 'R01-7',  'Campos Ausentes em Uso', 							null, 1, null, null, null );
INSERT INTO BCK_RULE VALUES (  5, 'R01-9',  'Eventos de Uso Duplicados', 						null, 1, null, null, null );
INSERT INTO BCK_RULE VALUES ( 29, 'R01-9A', 'Detalhe de Uso Duplicado', 						null, 1, null, null, null );
INSERT INTO BCK_RULE VALUES (  6, 'R01-13', 'Eventos de Uso Sobrepostos', 					null, 1, null, null, null );
INSERT INTO BCK_RULE VALUES ( 30, 'R01-13A', 'Detalhe de Uso Sobreposto', 					null, 1, null, null, null );
INSERT INTO BCK_RULE VALUES ( 11, 'R12-1',  'Validação de Totais de Uso', 					null, 1, null, null, null );
INSERT INTO BCK_RULE VALUES ( 12, 'R12-6',  'Validação de Total de NF', 						null, 1, null, null, null );
INSERT INTO BCK_RULE VALUES ( 13, 'R12-4',  'Validação de Total de Contrato', 			null, 1, null, null, null );
INSERT INTO BCK_RULE VALUES ( 14, 'R12-5',  'Validação de Total da Fatura', 				null, 1, null, null, null );
INSERT INTO BCK_RULE VALUES ( 15, 'R12-2',  'Validação de Limites de NF', 					null, 2, null, null, null );
INSERT INTO BCK_RULE VALUES ( 16, 'R14-1',  'Validação de Código de Barras', 				null, 1, null, null, null );
INSERT INTO BCK_RULE VALUES ( 17, 'R14-3',  'Dados da Ficha de Arrecadação', 				null, 1, null, null, null );
INSERT INTO BCK_RULE VALUES ( 18, 'R17-2',  'Batimento de Fatura contra NF', 				null, 1, null, null, null );
INSERT INTO BCK_RULE VALUES ( 19, 'R10-3',  'Formato de Data de Emissão', 					null, 3, null, null, null );
INSERT INTO BCK_RULE VALUES ( 20, 'R11-2',  'Formato de Data de Vencimento', 				null, 3, null, null, null );
INSERT INTO BCK_RULE VALUES ( 44, 'R14-5',  'Dados da Operadora Não Conferem', 		null, 1, null, null, null );
-- Fase II
INSERT INTO BCK_RULE VALUES (  4, 'R01-8',  'Decurso de Prazo em Uso', 							null, 1, null, null, null );
INSERT INTO BCK_RULE VALUES ( 45, 'R01-8A', 'Chamadas Internacionais', 							null, 1, null, null, null );
INSERT INTO BCK_RULE VALUES ( 21, 'R09-3',  'Tipo de Conta Inválido', null, 1, null, null, null );
INSERT INTO BCK_RULE VALUES ( 22, 'R02-3',  'Serviço Não Cadastrado', null, 1, null, null, null );
INSERT INTO BCK_RULE VALUES ( 24, 'R01-6', 'Duração Inválida para Uso', null, 2, null, null, null);
INSERT INTO BCK_RULE VALUES ( 25, 'R04-6', 'Plano Não Permite Serviço', null, 1, null, null, null);
INSERT INTO BCK_RULE VALUES ( 26, 'R06-1', 'Numeração da NF Incorreta', null, 1, null, null, null);
INSERT INTO BCK_RULE VALUES ( 33, 'R01-12', 'Resolução 316', null, 1, null,null,null);
--INSERT INTO BCK_RULE VALUES ( 34, 'R05-2','Nome da Operadora Não Confere', null, 1, null,null,null);
--INSERT INTO BCK_RULE VALUES ( 35, 'R05-3','Endereço de Operadora Incorreto', null, 1, null,null,null);
--INSERT INTO BCK_RULE VALUES ( 36, 'R05-4','CNPJ/IE de Operadora Incorreto', null, 1, null,null,null);
INSERT INTO BCK_RULE VALUES ( 37, 'R16-1','Validação de Hashcode', null, 1, null,null,null);
INSERT INTO BCK_RULE VALUES ( 38, 'R01-18', 'Chamadas Fatiadas', null, 1, null,null,null);
INSERT INTO BCK_RULE VALUES ( 39, 'R15-1', 'ICMS de Uso Incorreto', null, 1, null,null,null);
INSERT INTO BCK_RULE VALUES ( 40, 'R15-2', 'Imposto do Serviço Incorreto', null, 1, null,null,null);
INSERT INTO BCK_RULE VALUES ( 41, 'R27-4', 'Duplicidade de OCCs', null, 1, null,null,null);
INSERT INTO BCK_RULE VALUES ( 42, 'R28-8', 'Vencimento de Corp. Diferente', null, 1, null,null,null);
INSERT INTO BCK_RULE VALUES ( 43, 'R27-1', 'Limites para OCC', null, 2, null,null,null);
INSERT INTO BCK_RULE VALUES ( 46, 'R04-5','Uso Duplicado Entre Ciclos', null, 1, null,null,null);
INSERT INTO BCK_RULE VALUES ( 47, 'R09-4',  'Débito Automático Mal Formado', null, 1, null, null, null );
-- Fase II-Pos producao
INSERT INTO BCK_RULE VALUES ( 48, 'R01-8B', 'Campo de Origem Incorreto', null, 1, null, null, null );
-- Fase III
INSERT INTO BCK_RULE VALUES ( 23, 'R01-10',  'Chamada na Seção Incorreta', null, 1, null, null, null );
INSERT INTO BCK_RULE VALUES ( 27, 'R06-2', 'Série da NF Incorreta', null, 1, null, null, null);
INSERT INTO BCK_RULE VALUES ( 49, 'R01-11', 'Chamadas Zeradas sem Benefícios',  null, 1, null,null,null);
INSERT INTO BCK_RULE VALUES ( 50, 'R03-2' , 'Benefício Inválido',               null, 1, null,null,null);
INSERT INTO BCK_RULE VALUES ( 51, 'R04-3' , 'Validação de CredCorp',            null, 1, null,null,null);
INSERT INTO BCK_RULE VALUES ( 52, 'R04-4' , 'Validação de Chamadas em MC',      null, 1, null,null,null);
INSERT INTO BCK_RULE VALUES ( 53, 'R15-3' , 'Validação de ICMS na NF',          null, 1, null,null,null);
INSERT INTO BCK_RULE VALUES ( 54, 'R19-1' , 'Valor de Promoções',               null, 1, null,null,null);
INSERT INTO BCK_RULE VALUES ( 55, 'R19-3' , 'Limites de Promoções',             null, 1, null,null,null);
INSERT INTO BCK_RULE VALUES ( 56, 'R19-6' , 'Promoção Fora da Vigência',        null, 1, null,null,null);
INSERT INTO BCK_RULE VALUES ( 57, 'R25-1' , 'Cobrança de Taxa de Adesão',       null, 1, null,null,null);
INSERT INTO BCK_RULE VALUES ( 58, 'R28-1' , 'Pacote Diferente do Plano',        null, 1, null,null,null);
INSERT INTO BCK_RULE VALUES ( 59, 'R28-2' , 'Plano sem Pacote Obrigatório',     null, 1, null,null,null);
-- Fase IV
INSERT INTO BCK_RULE VALUES ( 60, 'R03-3' , 'Validação de Franquias',     		null, 1, null,null,null);
INSERT INTO BCK_RULE VALUES ( 61, 'R29-1' , 'Cobrança Indevida de Multa/Juros', null, 1, null,null,null);
INSERT INTO BCK_RULE VALUES ( 62, 'R03-6' , 'Hierarquia de Franquias',     		null, 1, null,null,null);
INSERT INTO BCK_RULE VALUES ( 63, 'R24-1' , 'Cobranças de Fidelização',     	null, 1, null,null,null);
INSERT INTO BCK_RULE VALUES ( 64, 'R23-1' , 'Promoções Não Compatíveis',     	null, 1, null,null,null);
INSERT INTO BCK_RULE VALUES ( 65, 'R02-1' , 'Desconto Progressivo',     		null, 1, null,null,null);
-- Melhorias Fase 1
insert into BCK_RULE VALUES ( 66, 'R30-1' , 'Aplicação Pct Ilimitado de Dados', null, 1, null,null,null);
insert into BCK_RULE VALUES ( 67, 'R31-1' , 'Validação de Chamadas INFINITY', 	null, 1, null,null,null);
-- Melhorias Fase 2
INSERT INTO BCK_RULE VALUES ( 68, 'R32-1', 'Validação do Código Anatel', 		null, 1, null,null,null);
INSERT INTO BCK_RULE VALUES ( 69, 'R33-1', 'Desconto Implícito', 				null, 1, null,null,null);
-- Melhorias Fase 3
INSERT INTO BCK_RULE VALUES ( 70, 'R01-20', 'Tarifação de Meia Tarifa',			null, 1, null,null,null);
INSERT INTO BCK_RULE VALUES ( 71, 'R01-21', 'Tarifação de Meu Sonho',			null, 1, null,null,null);
INSERT INTO BCK_RULE VALUES ( 72, 'R01-22','Tarifação de Planos e Serviços');
INSERT INTO BCK_RULE VALUES ( 73, 'R01-23','Tarifação de Dados');
INSERT INTO BCK_RULE VALUES ( 74, 'R01-30','Cobrança de NPack');
INSERT INTO BCK_RULE VALUES ( 75, 'R01-40','Cobrança de Crash Program');
INSERT INTO BCK_RULE VALUES ( 76, 'R34-1','Eventos da Promoção Mega TIM');
INSERT INTO BCK_RULE VALUES ( 77, 'R34-2','Benefícios da Promoção Mega TIM');

-- NEXT IS 78
